[
  {
    "value": "api",
    "synonyms": [
      "api"
    ]
  },
  {
    "value": "busybox",
    "synonyms": [
      "busybox"
    ]
  },
  {
    "value": "cert-manager",
    "synonyms": [
      "cert-manager"
    ]
  },
  {
    "value": "mysql",
    "synonyms": [
      "mysql"
    ]
  },
  {
    "value": "nginx",
    "synonyms": [
      "nginx"
    ]
  },
  {
    "value": "nginx-ingress-controller",
    "synonyms": [
      "nginx-ingress-controller"
    ]
  },
  {
    "value": "redis",
    "synonyms": [
      "redis"
    ]
  }
]