[
  {
    "id": "c44e3021-80cc-4cfa-8b27-0f49849f9f02",
    "data": [
      {
        "text": "Fifty",
        "alias": "replicas",
        "meta": "@sys.number",
        "userDefined": false
      }
    ],
    "isTemplate": false,
    "count": 0,
    "updated": 0
  },
  {
    "id": "3a5f2592-2147-4d7e-9b3b-7900ee3681f3",
    "data": [
      {
        "text": "5",
        "alias": "replicas",
        "meta": "@sys.number",
        "userDefined": false
      }
    ],
    "isTemplate": false,
    "count": 0,
    "updated": 0
  },
  {
    "id": "b84f23a9-ce78-43b7-b97e-384399524991",
    "data": [
      {
        "text": "4",
        "alias": "replicas",
        "meta": "@sys.number",
        "userDefined": false
      }
    ],
    "isTemplate": false,
    "count": 0,
    "updated": 0
  },
  {
    "id": "029ff32c-8ecf-4cab-a058-fffc2956daed",
    "data": [
      {
        "text": "3",
        "alias": "replicas",
        "meta": "@sys.number",
        "userDefined": false
      }
    ],
    "isTemplate": false,
    "count": 0,
    "updated": 0
  },
  {
    "id": "b494e6a8-91d9-4c1f-924d-5fb1f2d2559e",
    "data": [
      {
        "text": "2",
        "alias": "replicas",
        "meta": "@sys.number",
        "userDefined": false
      }
    ],
    "isTemplate": false,
    "count": 0,
    "updated": 0
  },
  {
    "id": "b341945a-400d-42bd-952b-5cc8566baed0",
    "data": [
      {
        "text": "1",
        "alias": "replicas",
        "meta": "@sys.number",
        "userDefined": false
      }
    ],
    "isTemplate": false,
    "count": 0,
    "updated": 0
  },
  {
    "id": "5a15cfea-2c1d-4b35-acfb-f1b7a068ed26",
    "data": [
      {
        "text": "100",
        "alias": "replicas",
        "meta": "@sys.number",
        "userDefined": false
      }
    ],
    "isTemplate": false,
    "count": 0,
    "updated": 0
  },
  {
    "id": "386ccb74-d3cc-424b-9268-81148266c6b1",
    "data": [
      {
        "text": "One hundred",
        "alias": "replicas",
        "meta": "@sys.number",
        "userDefined": false
      }
    ],
    "isTemplate": false,
    "count": 0,
    "updated": 0
  }
]