[
  {
    "id": "adb20735-ba30-47d6-91a1-a61d2dcfefec",
    "data": [
      {
        "text": "Fifty",
        "alias": "replicas",
        "meta": "@sys.number",
        "userDefined": false
      }
    ],
    "isTemplate": false,
    "count": 0,
    "updated": 0
  },
  {
    "id": "11fc818a-949f-48b8-9ddd-f6a35d7f4341",
    "data": [
      {
        "text": "5",
        "alias": "replicas",
        "meta": "@sys.number",
        "userDefined": false
      }
    ],
    "isTemplate": false,
    "count": 0,
    "updated": 0
  },
  {
    "id": "a570d1c8-5014-4117-a0cc-5b090a23a766",
    "data": [
      {
        "text": "4",
        "alias": "replicas",
        "meta": "@sys.number",
        "userDefined": false
      }
    ],
    "isTemplate": false,
    "count": 0,
    "updated": 0
  },
  {
    "id": "0fe24050-e891-4bd9-ad54-52b72050661f",
    "data": [
      {
        "text": "3",
        "alias": "replicas",
        "meta": "@sys.number",
        "userDefined": false
      }
    ],
    "isTemplate": false,
    "count": 0,
    "updated": 0
  },
  {
    "id": "d24f87b7-a0db-438c-8348-7794bdf2d18c",
    "data": [
      {
        "text": "2",
        "alias": "replicas",
        "meta": "@sys.number",
        "userDefined": false
      }
    ],
    "isTemplate": false,
    "count": 0,
    "updated": 0
  },
  {
    "id": "8c1cbf2f-1c93-47da-bec0-fe9ca7c7fa7c",
    "data": [
      {
        "text": "1",
        "alias": "replicas",
        "meta": "@sys.number",
        "userDefined": false
      }
    ],
    "isTemplate": false,
    "count": 0,
    "updated": 0
  },
  {
    "id": "ca6a032b-8a76-4d74-bf41-9c9b763de714",
    "data": [
      {
        "text": "100",
        "alias": "replicas",
        "meta": "@sys.number",
        "userDefined": false
      }
    ],
    "isTemplate": false,
    "count": 0,
    "updated": 0
  },
  {
    "id": "c35408d3-97e8-4329-9020-9d420ee15f28",
    "data": [
      {
        "text": "One hundred",
        "alias": "replicas",
        "meta": "@sys.number",
        "userDefined": false
      }
    ],
    "isTemplate": false,
    "count": 0,
    "updated": 0
  }
]